{"accuracy": 0.6605504587155964, "precision": 0.38095238095238093, "recall": 0.25, "f1_score": 0.3018867924528302, "confusion_matrix": [[64, 13], [24, 8]]}